{
  "project_info": {
    "project_number": "986853961194",
    "firebase_url": "https://transport-d8ac9-default-rtdb.firebaseio.com",
    "project_id": "transport-d8ac9",
    "storage_bucket": "transport-d8ac9.appspot.com"
  },
  "client": [
    {
      "client_info": {
        "mobilesdk_app_id": "1:986853961194:android:b7cbc51d136d07bc969693",
        "android_client_info": {
          "package_name": "com.example.myapplication"
        }
      },
      "oauth_client": [
        {
          "client_id": "986853961194-1kb98dicbj2b64ebn9gjv9f3q036eapb.apps.googleusercontent.com",
          "client_type": 3
        }
      ],
      "api_key": [
        {
          "current_key": "AIzaSyD6bV39dG9XkH8VodRYI8SajfcOXMdCZ44"
        }
      ],
      "services": {
        "appinvite_service": {
          "other_platform_oauth_client": [
            {
              "client_id": "986853961194-1kb98dicbj2b64ebn9gjv9f3q036eapb.apps.googleusercontent.com",
              "client_type": 3
            }
          ]
        }
      }
    }
  ],
  "configuration_version": "1"
}